<?xml version="1.0"?>
<object name="portal_actions" meta_type="Plone Actions Tool"
   xmlns:i18n="http://xml.zope.org/namespaces/i18n">
 <object name="site_actions" meta_type="CMF Action Category">
  <object name="help-menu" meta_type="CMF Action" i18n:domain="medialog.tinymce.helpmenu">
   <property name="title" i18n:translate="">Hjelp</property>
   <property name="description" i18n:translate=""></property>
   <property name="url_expr">string:${portal_url}/gaid</property>
   <property name="link_target"></property>
   <property name="icon_expr"></property>
   <property name="available_expr">python:member is not None</property>
   <property name="permissions">
    <element value="View"/>
   </property>
   <property name="visible">True</property>
  </object>
 </object>
</object>
